Country,Year,GDP,Quantile_Bin
Ghana,2024,5.59045469593266,Below 90th %ile
Ghana,2023,3.14009099763754,Below 90th %ile
Ghana,2022,3.80484980952164,Below 90th %ile
Ghana,2021,5.07646643533542,Below 90th %ile
Ghana,2020,0.513941670628171,Below 90th %ile
Ghana,2019,6.5077747939152,Below 90th %ile
Ghana,2018,6.20007768127284,Below 90th %ile
Ghana,2017,8.12889488100956,90th-95th %ile
Ghana,2016,3.37346574966936,Below 90th %ile
Ghana,2015,2.12075933817334,Below 90th %ile
Ghana,2014,2.85624016330883,Below 90th %ile
Ghana,2013,7.31252501678145,Below 90th %ile
Ghana,2012,9.2927894063005,95th-98th %ile
Ghana,2011,3.707249683907064,Below 90th %ile
Ghana,2010,7.89971194051621,Below 90th %ile
Ghana,2009,4.84448705175076,Below 90th %ile
Ghana,2008,9.14979893831817,95th-98th %ile
Ghana,2007,4.34681910440079,Below 90th %ile
Ghana,2006,6.39991260618034,Below 90th %ile
Ghana,2005,5.90000381855104,Below 90th %ile
Ghana,2004,5.59999999077445,Below 90th %ile
Ghana,2003,5.200000133101,Below 90th %ile
Ghana,2002,4.49999955900331,Below 90th %ile
Ghana,2001,4.00000012807919,Below 90th %ile
Ghana,2000,3.70000008164408,Below 90th %ile
Ghana,1999,4.39999682545296,Below 90th %ile
Ghana,1998,4.70039078427911,Below 90th %ile
Ghana,1997,4.19635744019571,Below 90th %ile
Ghana,1996,4.60246115564627,Below 90th %ile
Ghana,1995,4.11241897162861,Below 90th %ile
Ghana,1994,3.29999973947747,Below 90th %ile
Ghana,1993,4.85000055379412,Below 90th %ile
Ghana,1992,3.87941908037517,Below 90th %ile
Ghana,1991,5.28182639834429,Below 90th %ile
Ghana,1990,3.32881788321653,Below 90th %ile
Ghana,1989,5.08587270013842,Below 90th %ile
Ghana,1988,5.62816876359457,Below 90th %ile
Ghana,1987,4.79489887940781,Below 90th %ile
Ghana,1986,5.19916067974877,Below 90th %ile
Ghana,1985,5.09161727201138,Below 90th %ile
Ghana,1984,8.64756945671597,90th-95th %ile
Ghana,1983,-4.56373750458945,Below 90th %ile
Ghana,1982,-6.92365041055389,Below 90th %ile
Ghana,1981,-3.50306694696705,Below 90th %ile
Ghana,1980,0.471695943172108,Below 90th %ile
Ghana,1979,-2.51494141959301,Below 90th %ile
Ghana,1978,8.47593560232171,90th-95th %ile
Ghana,1977,2.27410724169957,Below 90th %ile
Ghana,1976,-3.53018280627536,Below 90th %ile
Ghana,1975,-12.4316290214597,Below 90th %ile
Ghana,1974,6.85251683220585,Below 90th %ile
Ghana,1973,2.8845841948016,Below 90th %ile
Ghana,1972,-2.48765540214929,Below 90th %ile
Ghana,1971,5.2161245570606,Below 90th %ile
Ghana,1970,3.707249683907064,Below 90th %ile
Ghana,1969,6.00617496624768,Below 90th %ile
Ghana,1968,0.368860328659636,Below 90th %ile
Ghana,1967,3.07536405007809,Below 90th %ile
Ghana,1966,-4.25829036972007,Below 90th %ile
Ghana,1965,1.36899886970954,Below 90th %ile
Ghana,1964,2.20932750184639,Below 90th %ile
Ghana,1963,4.40597419943647,Below 90th %ile
Ghana,1962,4.10915860625774,Below 90th %ile
Ghana,1961,3.42967401462874,Below 90th %ile
Ghana,1960,3.707249683907064,Below 90th %ile
Kenya,2024,4.72473994710138,Below 90th %ile
Kenya,2023,5.71999241214208,Below 90th %ile
Kenya,2022,4.85998104287999,Below 90th %ile
Kenya,2021,7.59048947333467,Below 90th %ile
Kenya,2020,-0.272766327438816,Below 90th %ile
Kenya,2019,5.11415885767801,Below 90th %ile
Kenya,2018,5.64794640709219,Below 90th %ile
Kenya,2017,3.83795817364721,Below 90th %ile
Kenya,2016,4.21351706814744,Below 90th %ile
Kenya,2015,4.96772112759767,Below 90th %ile
Kenya,2014,5.02011100232484,Below 90th %ile
Kenya,2013,3.7978483925754,Below 90th %ile
Kenya,2012,4.56867961444982,Below 90th %ile
Kenya,2011,5.1211061197056,Below 90th %ile
Kenya,2010,8.05847360290906,90th-95th %ile
Kenya,2009,3.30693981631089,Below 90th %ile
Kenya,2008,0.232282744812977,Below 90th %ile
Kenya,2007,6.85072976998784,Below 90th %ile
Kenya,2006,6.47249430015484,Below 90th %ile
Kenya,2005,5.90666607980057,Below 90th %ile
Kenya,2004,5.10429977629738,Below 90th %ile
Kenya,2003,2.93247554570904,Below 90th %ile
Kenya,2002,0.546859530175595,Below 90th %ile
Kenya,2001,3.77990649795343,Below 90th %ile
Kenya,2000,0.599695390807426,Below 90th %ile
Kenya,1999,2.30538859522412,Below 90th %ile
Kenya,1998,3.29021372249065,Below 90th %ile
Kenya,1997,0.474901921293579,Below 90th %ile
Kenya,1996,4.14683926876013,Below 90th %ile
Kenya,1995,4.40621652482287,Below 90th %ile
Kenya,1994,2.632784517837,Below 90th %ile
Kenya,1993,0.353197256227247,Below 90th %ile
Kenya,1992,-0.799493958641349,Below 90th %ile
Kenya,1991,1.43834679171559,Below 90th %ile
Kenya,1990,4.19205097155167,Below 90th %ile
Kenya,1989,4.69034876792047,Below 90th %ile
Kenya,1988,6.20318382314591,Below 90th %ile
Kenya,1987,5.93710744420895,Below 90th %ile
Kenya,1986,7.17755539065963,Below 90th %ile
Kenya,1985,4.30056181879613,Below 90th %ile
Kenya,1984,1.75521697703473,Below 90th %ile
Kenya,1983,1.3090502411486,Below 90th %ile
Kenya,1982,1.50647825757706,Below 90th %ile
Kenya,1981,3.77354419402822,Below 90th %ile
Kenya,1980,5.5919762059677,Below 90th %ile
Kenya,1979,7.61522604591983,Below 90th %ile
Kenya,1978,6.91249354626197,Below 90th %ile
Kenya,1977,9.45379784408087,95th-98th %ile
Kenya,1976,2.15396450322561,Below 90th %ile
Kenya,1975,0.882203175319148,Below 90th %ile
Kenya,1974,4.06561734893735,Below 90th %ile
Kenya,1973,5.89658021016672,Below 90th %ile
Kenya,1972,4.631794851665724,Below 90th %ile
Kenya,1971,4.631794851665724,Below 90th %ile
Kenya,1970,-4.65544691647621,Below 90th %ile
Kenya,1969,7.9592244594956,Below 90th %ile
Kenya,1968,7.9826899693479,90th-95th %ile
Kenya,1967,3.36123203258556,Below 90th %ile
Kenya,1966,14.7285664015687,Top 1%
Kenya,1965,2.00909417103099,Below 90th %ile
Kenya,1964,4.96446728844091,Below 90th %ile
Kenya,1963,8.77834021621184,90th-95th %ile
Kenya,1962,9.45735874072126,95th-98th %ile
Kenya,1961,-7.77463490371655,Below 90th %ile
Kenya,1960,4.631794851665724,Below 90th %ile
Nigeria,2024,4.06236408888319,Below 90th %ile
Nigeria,2023,3.32684556421316,Below 90th %ile
Nigeria,2022,4.31882949523192,Below 90th %ile
Nigeria,2021,1.10925253938163,Below 90th %ile
Nigeria,2020,-6.36889840510109,Below 90th %ile
Nigeria,2019,2.20842927714892,Below 90th %ile
Nigeria,2018,1.92275734200614,Below 90th %ile
Nigeria,2017,0.805886619102438,Below 90th %ile
Nigeria,2016,-1.61686894906509,Below 90th %ile
Nigeria,2015,2.65269329543001,Below 90th %ile
Nigeria,2014,6.30971865525431,Below 90th %ile
Nigeria,2013,6.67133539306167,Below 90th %ile
Nigeria,2012,4.23006117493223,Below 90th %ile
Nigeria,2011,5.30792420289453,Below 90th %ile
Nigeria,2010,8.00565591628701,90th-95th %ile
Nigeria,2009,8.03692510099023,90th-95th %ile
Nigeria,2008,6.76447277780228,Below 90th %ile
Nigeria,2007,6.59113036068679,Below 90th %ile
Nigeria,2006,6.05942803202906,Below 90th %ile
Nigeria,2005,6.43851652538348,Below 90th %ile
Nigeria,2004,9.2505582291798,95th-98th %ile
Nigeria,2003,7.34719496799492,Below 90th %ile
Nigeria,2002,15.3291557409559,Top 1%
Nigeria,2001,5.91768464920371,Below 90th %ile
Nigeria,2000,5.01593475931152,Below 90th %ile
Nigeria,1999,0.584126892918889,Below 90th %ile
Nigeria,1998,2.58125410192937,Below 90th %ile
Nigeria,1997,2.93709941924898,Below 90th %ile
Nigeria,1996,4.19592404660108,Below 90th %ile
Nigeria,1995,-0.0726647639378371,Below 90th %ile
Nigeria,1994,-1.81492448525675,Below 90th %ile
Nigeria,1993,-2.03511877399139,Below 90th %ile
Nigeria,1992,4.63119294607692,Below 90th %ile
Nigeria,1991,0.358352601660286,Below 90th %ile
Nigeria,1990,11.7768859342067,99th %ile
Nigeria,1989,1.91938129589555,Below 90th %ile
Nigeria,1988,7.33402548758716,Below 90th %ile
Nigeria,1987,3.20012546702944,Below 90th %ile
Nigeria,1986,0.0609452742066878,Below 90th %ile
Nigeria,1985,5.91302745911393,Below 90th %ile
Nigeria,1984,-1.11562321716821,Below 90th %ile
Nigeria,1983,-10.9240850339388,Below 90th %ile
Nigeria,1982,-6.80338881534801,Below 90th %ile
Nigeria,1981,-13.1278804850514,Below 90th %ile
Nigeria,1980,4.20483104427292,Below 90th %ile
Nigeria,1979,6.75943093519177,Below 90th %ile
Nigeria,1978,-5.76415839390282,Below 90th %ile
Nigeria,1977,6.02411784954168,Below 90th %ile
Nigeria,1976,9.04235172630207,90th-95th %ile
Nigeria,1975,-5.22774755532079,Below 90th %ile
Nigeria,1974,11.1606745454862,95th-98th %ile
Nigeria,1973,5.39276048395909,Below 90th %ile
Nigeria,1972,3.3642620350363,Below 90th %ile
Nigeria,1971,14.2375315562508,99th %ile
Nigeria,1970,3.5806358228502595,Below 90th %ile
Nigeria,1969,3.5806358228502595,Below 90th %ile
Nigeria,1968,-1.24836024581224,Below 90th %ile
Nigeria,1967,-15.7436282082049,Below 90th %ile
Nigeria,1966,-4.25051418415514,Below 90th %ile
Nigeria,1965,4.88497683412908,Below 90th %ile
Nigeria,1964,4.95048866604155,Below 90th %ile
Nigeria,1963,8.57861891529701,90th-95th %ile
Nigeria,1962,4.10299258868014,Below 90th %ile
Nigeria,1961,0.191795489572229,Below 90th %ile
Nigeria,1960,3.5806358228502595,Below 90th %ile
